{
  "checkpoint": "basin_entry_state.pt",
  "regime": "SEARCH (uniform transverse \u2014 compare to basin_state.pt for floor regime)",
  "strip_areas": [
    8.638999938964844,
    8.745530128479004,
    8.68733024597168,
    8.658151626586914,
    8.677508354187012
  ],
  "strip_area_std": 0.0360587964415965,
  "exchange_matrix": [
    [
      0.0,
      -0.1065,
      -0.0483,
      -0.0192,
      -0.0385
    ],
    [
      0.1065,
      0.0,
      0.0582,
      0.0874,
      0.068
    ],
    [
      0.0483,
      -0.0582,
      0.0,
      0.0292,
      0.0098
    ],
    [
      0.0192,
      -0.0874,
      -0.0292,
      0.0,
      -0.0194
    ],
    [
      0.0385,
      -0.068,
      -0.0098,
      0.0194,
      0.0
    ]
  ],
  "c_vectors": [
    [
      -1.0,
      0.0,
      0.0,
      0.0,
      0.0
    ],
    [
      0.0,
      -1.0,
      0.0,
      0.0,
      0.0
    ],
    [
      0.0,
      0.0,
      -1.0,
      0.0,
      0.0
    ],
    [
      0.0,
      0.0,
      0.0,
      -1.0,
      0.0
    ],
    [
      0.0,
      0.0,
      0.0,
      0.0,
      -1.0
    ]
  ],
  "mutation_sequence": [
    0,
    1,
    2,
    3,
    4
  ],
  "lanczos": {
    "cluster_eigvals": [
      -153.35940551757812,
      125.25442504882812,
      97.27665710449219,
      -80.17413330078125,
      72.51029968261719
    ],
    "blind_eigvals": [
      -153.35882568359375,
      125.25428771972656,
      97.27691650390625,
      -80.1744155883789,
      72.5112533569336
    ],
    "subspace_angles_deg": [
      0.0,
      0.0,
      0.0,
      0.0,
      0.0
    ],
    "mean_angle_deg": 0.0,
    "time_cluster_s": 1.53,
    "time_blind_s": 1.48,
    "interpretation": "CLUSTER_AND_BLIND_AGREE \u2014 cluster basis compatible with random Krylov; uniform strip areas mean all directions equally relevant."
  },
  "newton": {
    "loss_symplectic": 43.40752029418945,
    "grad_norm": 7.405224323272705,
    "mu": 0.95,
    "cluster_cg_iters": 50,
    "blind_cg_iters": 50,
    "cluster_convergence": [
      626.1124349907132,
      18.256083271502014,
      81.94427234121522,
      21.934414986295295,
      47.876336061644274,
      32.05549387390561,
      190.04195671614204,
      26.81525540365561,
      107.1203689197344,
      32.230682501790895,
      108.56323761983151,
      26.98843475178882,
      91.62298023865246,
      41.27839635765148,
      28.92055494860284,
      25.99378775694541,
      2267.8311224604004,
      20.43511669016414,
      61.81076803374858,
      33.562700040139426,
      36.358863004023,
      32.96289936238922,
      34.83235519958419,
      28.442092692323996,
      69.19579896026926,
      35.6069101549299,
      52.670088129732136,
      79.820198948363,
      38.66569237194082,
      39.897771282620695,
      21.881727481133517,
      51.57755935391137,
      24.17740043707204,
      49.89257013511631,
      84.88295019834666,
      20.540441304994065,
      31.683885356890713,
      40.27764208774438,
      169.11198444004492,
      25.17933359586848,
      222.49426783346576,
      33.762058392729294,
      102.8293014387193,
      43.82627140688206,
      107.79367589288344,
      24.832357844025807,
      29.856029664444982,
      53.54797151999551,
      43.891979442433446,
      30.825496633076025
    ],
    "blind_convergence": [
      58.002971704581654,
      18.674602638112713,
      192.19809930121576,
      21.199943196922355,
      45.23205952622957,
      39.495268333094344,
      45.37778432831285,
      81.61122826011749,
      24.13192349244694,
      37.63183531661557,
      31.36898442082163,
      45.164895636451575,
      27.48537541705418,
      40.43450227972857,
      76.76386148238961,
      31.857645972883713,
      28.75087040122655,
      23.798362560203067,
      203.50374305525685,
      18.198404196060796,
      50.284549204222515,
      21.11428832299869,
      166.6795437733737,
      37.26174966747066,
      28.2153107331042,
      26.071303968635707,
      835.2123981359472,
      34.45209571875218,
      279.85032271734116,
      26.204769440051365,
      43.86957014344126,
      19.529978083585053,
      102.9210103671743,
      28.593450092347965,
      82.44045554785284,
      64.61996776829125,
      23.803104178965555,
      111.94947765342633,
      33.07069177227587,
      28.372089522401897,
      126.41497574951316,
      19.174854597313768,
      45.76480613384864,
      39.18524153679386,
      33.30596573461915,
      35.14912427785364,
      65.51168043515217,
      31.930958654657847,
      36.07799135152811,
      1266.666491228058
    ],
    "cos_newton_directions": 0.34794795513153076,
    "interpretation": "DISTINCT \u2014 cluster preconditioning finds a qualitatively different descent direction"
  },
  "conclusion": {
    "K0_map_hypothesis": "SUPPORTED",
    "next_step": "Run on basin_state.pt (post-TopoGate) where strip areas are differentiated. If K0_map_hypothesis=SUPPORTED there, integrate cluster-preconditioned CG into lanczos_tau_retry.py as a drop-in replacement for the standard CG solver."
  }
}