{
  "checkpoint": "basin_state.pt",
  "regime": "SEARCH (uniform transverse \u2014 compare to basin_state.pt for floor regime)",
  "strip_areas": [
    8.662932395935059,
    8.684523582458496,
    8.805987358093262,
    8.61479377746582,
    8.633824348449707
  ],
  "strip_area_std": 0.06718299283884271,
  "exchange_matrix": [
    [
      0.0,
      -0.0216,
      -0.1431,
      0.0481,
      0.0291
    ],
    [
      0.0216,
      0.0,
      -0.1215,
      0.0697,
      0.0507
    ],
    [
      0.1431,
      0.1215,
      0.0,
      0.1912,
      0.1722
    ],
    [
      -0.0481,
      -0.0697,
      -0.1912,
      0.0,
      -0.019
    ],
    [
      -0.0291,
      -0.0507,
      -0.1722,
      0.019,
      0.0
    ]
  ],
  "c_vectors": [
    [
      -1.0,
      0.0,
      0.0,
      0.0,
      0.0
    ],
    [
      0.0,
      -1.0,
      0.0,
      0.0,
      0.0
    ],
    [
      0.0,
      0.0,
      -1.0,
      0.0,
      0.0
    ],
    [
      0.0,
      0.0,
      0.0,
      -1.0,
      0.0
    ],
    [
      0.0,
      0.0,
      0.0,
      0.0,
      -1.0
    ]
  ],
  "mutation_sequence": [
    0,
    1,
    2,
    3,
    4
  ],
  "lanczos": {
    "cluster_eigvals": [
      -293.879638671875,
      -97.35658264160156,
      92.29671478271484,
      -68.99394226074219,
      67.30201721191406
    ],
    "blind_eigvals": [
      -293.87615966796875,
      -97.35514831542969,
      92.29454803466797,
      -68.9930648803711,
      67.30118560791016
    ],
    "subspace_angles_deg": [
      0.0,
      0.0,
      0.0,
      0.0,
      0.0
    ],
    "mean_angle_deg": 0.0,
    "time_cluster_s": 1.57,
    "time_blind_s": 1.49,
    "interpretation": "CLUSTER_AND_BLIND_AGREE \u2014 cluster basis compatible with random Krylov; uniform strip areas mean all directions equally relevant."
  },
  "newton": {
    "loss_symplectic": 43.40205764770508,
    "grad_norm": 7.015228748321533,
    "mu": 0.95,
    "cluster_cg_iters": 50,
    "blind_cg_iters": 50,
    "cluster_convergence": [
      85.61174623700886,
      34.89402552842141,
      33.83462336544106,
      27.269895797323375,
      124.70698860854792,
      31.022513797316417,
      55.410761942627175,
      29.390687300571926,
      26.465643726377834,
      150.18054889240815,
      44.20935467766551,
      23.266354295151185,
      74.44495134829494,
      19.38877880765944,
      47.888817767694995,
      24.751843316379365,
      37.11001150769914,
      44.39163970593168,
      187.63404583457128,
      19.40306686857132,
      159.51059183091886,
      39.61663980468387,
      19.68186845919162,
      44.14546986685752,
      57.55957766061831,
      52.815435384400175,
      16.190629222157334,
      2036.3755793075109,
      20.95206466370021,
      49.84898336554242,
      73.00265205477983,
      34.818637601348826,
      265.59318927167544,
      18.180188574153924,
      28.943963995241088,
      8281.98092246052,
      44.29583056528853,
      39.36478041981182,
      50.629070052441215,
      20.42880166578549,
      54.749808254515834,
      24.27308169798774,
      34.88400841315043,
      48.60650706743774,
      48.58643936165471,
      21.36485790545569,
      39.599229778159035,
      160.90672035763453,
      23.26448641438276,
      45.79396154584685
    ],
    "blind_convergence": [
      232.57633155590017,
      26.462772347441227,
      39.29376230216922,
      27.137341482436614,
      78.84929875441189,
      32.41101098103081,
      47.43741765473749,
      29.878803856946398,
      34.45004237910129,
      40.32707766946887,
      29.518591243552024,
      26.786606314201716,
      69.2204182925367,
      20.605803833175937,
      68.42611563417326,
      36.005585978840664,
      21.24467132177649,
      42.342902436166916,
      196.5131595466319,
      27.12167070762154,
      39.09900169561558,
      80.20888257387706,
      30.14775220295246,
      60.726702708734315,
      18.353598659124984,
      93.29002785332953,
      48.23206940958733,
      17.27465208727308,
      494.9266201923271,
      19.92446827484127,
      34.73912613704647,
      44.51398514003071,
      134.38039960081605,
      133.09095075126257,
      20.673160804209857,
      26.021794501196492,
      123.19878024203405,
      35.77083636672478,
      80.5898694054113,
      42.87636659629638,
      24.858741545983378,
      159.08819782592298,
      20.15372591996406,
      35.491928687423076,
      18.34007546112943,
      79.91304478345509,
      28.66242500092401,
      140.62227775142884,
      48.009540881214434,
      16.75116782601011
    ],
    "cos_newton_directions": 0.409404993057251,
    "interpretation": "DISTINCT \u2014 cluster preconditioning finds a qualitatively different descent direction"
  },
  "conclusion": {
    "K0_map_hypothesis": "SUPPORTED",
    "next_step": "Run on basin_state.pt (post-TopoGate) where strip areas are differentiated. If K0_map_hypothesis=SUPPORTED there, integrate cluster-preconditioned CG into lanczos_tau_retry.py as a drop-in replacement for the standard CG solver."
  }
}