{
  "step64": {
    "path": "tau_spikes/tau_spike_step0064_tau5.90.pt",
    "meta": {
      "step": 64,
      "tau": 5.895166286719385,
      "val": 0.6522815153002739,
      "phi_cl": 3,
      "window_max": 7.451598305829196,
      "window_min": 4.688979385587484,
      "spike_ratio": 1.5891727586976083,
      "tau_history": [
        [
          8,
          4.8665739743623675
        ],
        [
          16,
          4.688979385587484
        ],
        [
          24,
          5.613536969086557
        ],
        [
          32,
          7.451598305829196
        ],
        [
          40,
          5.950185984838857
        ],
        [
          48,
          5.923137475365826
        ],
        [
          56,
          5.606997301506826
        ],
        [
          64,
          5.895166286719385
        ]
      ]
    },
    "phases": [
      0.0,
      3.141592502593994,
      0.0,
      0.0,
      3.141592502593994
    ],
    "imZ": [
      0.0,
      1.32528832118348e-06,
      0.0,
      0.0,
      1.3193926397958994e-06
    ],
    "clean": [
      true,
      true,
      true,
      true,
      true
    ]
  },
  "step72": {
    "path": "tau_spikes/tau_spike_step0072_tau5.94.pt",
    "meta": {
      "step": 72,
      "tau": 5.939148287128611,
      "val": 0.5431484319269657,
      "phi_cl": 2,
      "window_max": 7.451598305829196,
      "window_min": 4.688979385587484,
      "spike_ratio": 1.5891727586976083,
      "tau_history": [
        [
          8,
          4.8665739743623675
        ],
        [
          16,
          4.688979385587484
        ],
        [
          24,
          5.613536969086557
        ],
        [
          32,
          7.451598305829196
        ],
        [
          40,
          5.950185984838857
        ],
        [
          48,
          5.923137475365826
        ],
        [
          56,
          5.606997301506826
        ],
        [
          64,
          5.895166286719385
        ],
        [
          72,
          5.939148287128611
        ]
      ]
    },
    "phases": [
      1.0203883647918701,
      2.8339428901672363,
      0.0,
      0.2429763227701187,
      0.0
    ],
    "imZ": [
      7.327179809594981,
      2.6607326674486727,
      0.0,
      2.0873901265620867,
      0.0
    ],
    "clean": [
      false,
      false,
      true,
      true,
      true
    ]
  },
  "active_constraints": {
    "a": 0,
    "b": 1,
    "newly_nonclean": [
      0,
      1
    ],
    "already_nonclean": []
  },
  "rank_test": {
    "norm_grad_a": 1602.3190627522567,
    "norm_grad_b": 4807.196389474729,
    "cos_ab": 8.896221659172744e-05,
    "sigma_min": 4807.1963704519885,
    "rank2": true,
    "sigma_tol": 0.001
  },
  "null_eigenvectors": {
    "step64": [
      {
        "eigval": -0.21730978786945343,
        "dphi": [
          0.0,
          0.0,
          0.0,
          0.0,
          0.0
        ],
        "dimZ": [
          0.0,
          8.6400489294948e-09,
          0.0,
          0.0,
          1.4400081547393347e-09
        ],
        "tangent_to_a": true,
        "tangent_to_b": true
      },
      {
        "eigval": 4.531126976013184,
        "dphi": [
          0.0,
          0.0,
          0.0,
          0.0,
          0.0
        ],
        "dimZ": [
          0.0,
          -3.240018348428201e-08,
          0.0,
          0.0,
          -7.200040773696674e-09
        ],
        "tangent_to_a": true,
        "tangent_to_b": true
      },
      {
        "eigval": -46.892154693603516,
        "dphi": [
          0.0,
          0.0,
          0.0,
          0.0,
          0.0
        ],
        "dimZ": [
          0.0,
          8.71204933686119e-08,
          0.0,
          0.0,
          1.2240069316872532e-08
        ],
        "tangent_to_a": true,
        "tangent_to_b": true
      },
      {
        "eigval": 62.74400329589844,
        "dphi": [
          0.0,
          0.0,
          0.0,
          0.0,
          0.0
        ],
        "dimZ": [
          0.0,
          3.456019571692041e-08,
          0.0,
          0.0,
          -1.2960073393712804e-08
        ],
        "tangent_to_a": true,
        "tangent_to_b": true
      },
      {
        "eigval": -113.26405334472656,
        "dphi": [
          0.0,
          0.0,
          0.0,
          0.0,
          0.0
        ],
        "dimZ": [
          0.0,
          4.824027318747348e-08,
          0.0,
          0.0,
          -5.616031803906922e-08
        ],
        "tangent_to_a": true,
        "tangent_to_b": true
      }
    ],
    "step72": [
      {
        "eigval": 0.4221823215484619,
        "dphi": [
          -0.4208087921142578,
          -0.27060508728027344,
          0.0,
          -0.4338473081588745,
          0.0
        ],
        "dimZ": [
          -1.8311820736949258,
          2.2674864593486,
          0.0,
          -3.656952861530449,
          0.0
        ],
        "tangent_to_a": false,
        "tangent_to_b": false
      },
      {
        "eigval": -1.1589202880859375,
        "dphi": [
          -0.19371509552001953,
          -0.05602836608886719,
          0.0,
          -0.2199411392211914,
          0.0
        ],
        "dimZ": [
          -0.984825535317313,
          0.4677366507555014,
          0.0,
          -1.8418412278942142,
          0.0
        ],
        "tangent_to_a": false,
        "tangent_to_b": true
      },
      {
        "eigval": 26.580114364624023,
        "dphi": [
          -0.035762786865234375,
          -0.12755393981933594,
          0.0,
          -0.03345310688018799,
          0.0
        ],
        "dimZ": [
          -0.31524264829219106,
          1.0782421893340555,
          0.0,
          -0.2553285596174071,
          0.0
        ],
        "tangent_to_a": true,
        "tangent_to_b": false
      },
      {
        "eigval": -30.11661148071289,
        "dphi": [
          0.05245208740234375,
          0.08225440979003906,
          0.0,
          -0.04626810550689697,
          0.0
        ],
        "dimZ": [
          0.19114249032448072,
          -0.7176761386618047,
          0.0,
          -0.383896487430313,
          0.0
        ],
        "tangent_to_a": true,
        "tangent_to_b": true
      },
      {
        "eigval": 55.18473815917969,
        "dphi": [
          0.029802322387695312,
          0.06556510925292969,
          0.0,
          -0.005587935447692871,
          0.0
        ],
        "dimZ": [
          -0.211447016269517,
          -0.39020613152640493,
          0.0,
          -0.05164598535722931,
          0.0
        ],
        "tangent_to_a": true,
        "tangent_to_b": true
      }
    ],
    "n_tangent_64": 5,
    "n_tangent_72": 2
  },
  "theorem_confirmed": true,
  "elapsed_s": 133934.2
}