{
  "records": [
    {
      "label": "tau_spike_step0064_tau5.90",
      "strip_areas": [
        8.619760513305664,
        8.77698802947998,
        8.659451484680176,
        8.751760482788086,
        8.737942695617676
      ],
      "strip_std": 0.05950981241804823,
      "strip_mu": 8.709180641174317,
      "strip_mad": 0.055659713745117044,
      "B_norm": 0.4207979190794132,
      "m2_functional": 5.715644779490694,
      "r_m2": -0.45515622473548745,
      "spectral_cos": 0.7797664578634003,
      "alpha_star": -0.0014055570349161422,
      "scale_ratio": 323.8262222226554,
      "norm_H_hat": 3.9191305995312002,
      "norm_Hess_m2": 1269.1172564437231,
      "B_vs_Hhat": 8.415054312659409e-18,
      "top5_eigvals": [
        1049.3896484375,
        -921.5679931640625,
        -584.4530639648438,
        -438.12103271484375,
        -428.05059814453125
      ],
      "phase": "PRE-STRUCTURE (free algebra)",
      "elapsed_s": 2.0,
      "checkpoint": "tau_spikes/tau_spike_step0064_tau5.90.pt",
      "val": 0.6522815153002739,
      "step": 64,
      "tau": 5.895166286719385
    },
    {
      "label": "tau_spike_step0072_tau5.94",
      "strip_areas": [
        8.59683609008789,
        8.786527633666992,
        8.601251602172852,
        8.676036834716797,
        8.747994422912598
      ],
      "strip_std": 0.07627539360991624,
      "strip_mu": 8.681729316711426,
      "strip_mad": 0.06842536926269531,
      "B_norm": 0.5393484805924483,
      "m2_functional": 6.213046723847573,
      "r_m2": 0.15235017192182662,
      "spectral_cos": 0.8673957899843938,
      "alpha_star": 0.0008169778094827439,
      "scale_ratio": 186.4801836150905,
      "norm_H_hat": 5.059305567995513,
      "norm_Hess_m2": 943.4602312848396,
      "B_vs_Hhat": 0.0,
      "top5_eigvals": [
        999.5458984375,
        -667.5498657226562,
        309.02667236328125,
        -270.5957336425781,
        222.4647216796875
      ],
      "phase": "PRE-STRUCTURE (free algebra)",
      "elapsed_s": 1.7,
      "checkpoint": "tau_spikes/tau_spike_step0072_tau5.94.pt",
      "val": 0.5431484319269657,
      "step": 72,
      "tau": 5.939148287128611
    },
    {
      "label": "basin_entry_state",
      "strip_areas": [
        8.658099174499512,
        8.821770668029785,
        8.692662239074707,
        8.741209030151367,
        8.584277153015137
      ],
      "strip_std": 0.07965775986158997,
      "strip_mu": 8.699603652954101,
      "strip_mad": 0.06550895690917961,
      "B_norm": 0.5632654217225985,
      "m2_functional": 7.39306992398973,
      "r_m2": -0.4478654176024847,
      "spectral_cos": 0.9687925876988948,
      "alpha_star": -0.0001361652354365234,
      "scale_ratio": 3289.131885723847,
      "norm_H_hat": 0.3992455702127118,
      "norm_Hess_m2": 1313.1713352239183,
      "B_vs_Hhat": 1.5427908488185068e-17,
      "top5_eigvals": [
        863.4635009765625,
        -397.98321533203125,
        -183.10809326171875,
        128.56219482421875,
        99.468994140625
      ],
      "phase": "PRE-STRUCTURE (free algebra)",
      "elapsed_s": 1.7,
      "checkpoint": "basin_entry_state.pt"
    },
    {
      "label": "basin_state",
      "strip_areas": [
        8.646954536437988,
        8.8251314163208,
        8.709465026855469,
        8.741233825683594,
        8.574739456176758
      ],
      "strip_std": 0.08479444044450458,
      "strip_mu": 8.699504852294922,
      "strip_mad": 0.07092628479003907,
      "B_norm": 0.5995872384522805,
      "m2_functional": 7.146449654310235,
      "r_m2": -0.4642617963582011,
      "spectral_cos": 0.9812761255356904,
      "alpha_star": -0.00029631097183692586,
      "scale_ratio": 1566.8059588864178,
      "norm_H_hat": 0.6819701200889736,
      "norm_Hess_m2": 1068.5148479394566,
      "B_vs_Hhat": -4.242408929043314e-18,
      "top5_eigvals": [
        -361.4617004394531,
        -213.8447723388672,
        197.92086791992188,
        173.75376892089844,
        152.6234130859375
      ],
      "phase": "PRE-STRUCTURE (free algebra)",
      "elapsed_s": 1.7,
      "checkpoint": "basin_state.pt"
    }
  ],
  "threshold": {
    "std": null,
    "r_m2": null,
    "label": null
  },
  "interpretation": "PRE-STRUCTURE: spectral backbone stable, A\u221e structure not yet geometrically resolved. Frobenius r_m2 scale-degenerate (alpha*\u22480). Crystallization requires strip-area std > 0.5 (Moran fixation event, val < 0.062)."
}