{
  "step64 (\u03c6=0, on real locus)": {
    "label": "step64 (\u03c6=0, on real locus)",
    "phi0": 0.0,
    "im_lambda0": 0.0,
    "n_nonzero": 8,
    "n_total": 50,
    "k_im_mean": 1.0143000734694942,
    "k_im_std": 0.24653596178024978,
    "k_im_min": 0.7286080892430683,
    "k_im_max": 1.3584285973271322,
    "k_im_values": [
      0.8093961598954896,
      0.7384986662602295,
      0.7286080892430683,
      1.3584285973271322,
      1.0592907724612668,
      0.8627228714272839,
      1.2381093957020257,
      1.3193460354394582
    ],
    "k_phi_mean": 1.3518571060777105,
    "C_im_mean": 42.05532144569476,
    "frac_k_ge2": 0.0,
    "frac_k_ge3": 0.0,
    "verdict": "JET_ORDER_1",
    "message": "Mean jet order k=1.01\u22481. Im(\u03bb)~C\u03b5. Regular first-order crossing \u2014 wall is regular codimension-1.",
    "elapsed_s": 19.9
  },
  "step72 (\u03c6=1.02, off real locus)": {
    "label": "step72 (\u03c6=1.02, off real locus)",
    "phi0": 1.0203883647918701,
    "im_lambda0": 23.815704345703125,
    "n_nonzero": 50,
    "n_total": 50,
    "k_im_mean": 1.113682540700064,
    "k_im_std": 0.15504578811027897,
    "k_im_min": 0.8638561553458918,
    "k_im_max": 1.5748291228185505,
    "k_im_values": [
      1.0329475300228197,
      1.058855120461961,
      1.0525053332527707,
      1.1240800585076791,
      1.243370589942339,
      0.8871026971779312,
      1.2337575266752896,
      1.0158213908637486,
      1.243701418694942,
      1.0464646019592232,
      1.27228595871428,
      1.5208805817652837,
      1.3195354671321398,
      1.2185475251710416,
      0.8922529199870877,
      1.1725053619782946,
      1.3011636526579067,
      1.0425614230898115,
      1.4307552979077867,
      1.350046005597006
    ],
    "k_phi_mean": 1.1093204735451578,
    "C_im_mean": 33.692780897693666,
    "frac_k_ge2": 0.0,
    "frac_k_ge3": 0.0,
    "verdict": "JET_ORDER_1",
    "message": "Mean jet order k=1.11\u22481. Im(\u03bb)~C\u03b5. Regular first-order crossing \u2014 wall is regular codimension-1.",
    "elapsed_s": 19.8
  }
}