{
  "baseline_V0": 0.6720975153148174,
  "grid_xs": [
    -0.3,
    -0.24,
    -0.18,
    -0.12,
    -0.06,
    0.0,
    0.06,
    0.12,
    0.18,
    0.24000000000000005,
    0.3
  ],
  "grid_ys": [
    -0.3,
    -0.24,
    -0.18,
    -0.12,
    -0.06,
    0.0,
    0.06,
    0.12,
    0.18,
    0.24000000000000005,
    0.3
  ],
  "V_grid": [
    [
      0.6744818091392517,
      0.6741684749722481,
      0.6548649370670319,
      0.6858191192150116,
      0.6529909707605839,
      0.6615572720766068,
      0.6633208431303501,
      0.6778107471764088,
      0.6904549561440945,
      0.6741434633731842,
      0.689078476279974
    ],
    [
      0.6806734725832939,
      0.7027047276496887,
      0.7040574587881565,
      0.6795759685337543,
      0.6841419041156769,
      0.6975950412452221,
      0.6832701750099659,
      0.6863493509590626,
      0.6844547800719738,
      0.7009200341999531,
      0.6778138801455498
    ],
    [
      0.7034726291894913,
      0.6963520795106888,
      0.6773241423070431,
      0.6777554042637348,
      0.6674949489533901,
      0.6923225373029709,
      0.6697961576282978,
      0.6845587529242039,
      0.6714155785739422,
      0.668372917920351,
      0.7022163644433022
    ],
    [
      0.7292152382433414,
      0.6798633560538292,
      0.6702472418546677,
      0.6933547258377075,
      0.6537793911993504,
      0.6730856522917747,
      0.6877884455025196,
      0.6656236909329891,
      0.6983243934810162,
      0.6929277330636978,
      0.6728848516941071
    ],
    [
      0.6900004707276821,
      0.7003176026046276,
      0.666493896394968,
      0.6904579550027847,
      0.6725634932518005,
      0.6668663583695889,
      0.6690096892416477,
      0.6904045268893242,
      0.6336746476590633,
      0.6807963140308857,
      0.669126208871603
    ],
    [
      0.6678514145314693,
      0.692284531891346,
      0.663173072040081,
      0.6577821932733059,
      0.6813088320195675,
      0.6480886060744524,
      0.6748415529727936,
      0.6673999316990376,
      0.6567094437777996,
      0.6556276418268681,
      0.6815253980457783
    ],
    [
      0.6684761941432953,
      0.6626317128539085,
      0.6540801450610161,
      0.653015349060297,
      0.6644327268004417,
      0.6673364788293839,
      0.6878814175724983,
      0.6699338741600513,
      0.6715381555259228,
      0.6675664447247982,
      0.6709517762064934
    ],
    [
      0.6717295721173286,
      0.6581479404121637,
      0.6848237849771976,
      0.6766357012093067,
      0.6856774650514126,
      0.6583732925355434,
      0.7009867057204247,
      0.6843782998621464,
      0.6663081720471382,
      0.6737680323421955,
      0.6420115157961845
    ],
    [
      0.694034144282341,
      0.6945078372955322,
      0.6839825958013535,
      0.6501932069659233,
      0.6995898336172104,
      0.6791906468570232,
      0.6553999558091164,
      0.693893039599061,
      0.682870227843523,
      0.6905523762106895,
      0.668897807598114
    ],
    [
      0.6916213445365429,
      0.6610327586531639,
      0.6685471087694168,
      0.6853018812835217,
      0.6464524455368519,
      0.6753113977611065,
      0.6526251658797264,
      0.6797141470015049,
      0.6732735075056553,
      0.6604731231927872,
      0.6815138831734657
    ],
    [
      0.6600598357617855,
      0.6598602123558521,
      0.6710821017622948,
      0.7144288122653961,
      0.709307536482811,
      0.6950725801289082,
      0.6722990684211254,
      0.6802609451115131,
      0.6820201314985752,
      0.6701311729848385,
      0.7042302079498768
    ]
  ],
  "V_rel": [
    [
      0.0023842938244342804,
      0.002070959657430649,
      -0.017232578247785568,
      0.013721603900194168,
      -0.01910654455423355,
      -0.010540243238210678,
      -0.008776672184467316,
      0.005713231861591339,
      0.01835744082927704,
      0.0020459480583667755,
      0.016980960965156555
    ],
    [
      0.008575957268476486,
      0.030607212334871292,
      0.03195994347333908,
      0.00747845321893692,
      0.012044388800859451,
      0.025497525930404663,
      0.011172659695148468,
      0.014251835644245148,
      0.012357264757156372,
      0.02882251888513565,
      0.005716364830732346
    ],
    [
      0.03137511387467384,
      0.024254564195871353,
      0.005226626992225647,
      0.005657888948917389,
      -0.004602566361427307,
      0.020225021988153458,
      -0.002301357686519623,
      0.012461237609386444,
      -0.0006819367408752441,
      -0.0037245973944664,
      0.030118849128484726
    ],
    [
      0.05711772292852402,
      0.0077658407390117645,
      -0.001850273460149765,
      0.02125721052289009,
      -0.01831812411546707,
      0.0009881369769573212,
      0.01569093018770218,
      -0.006473824381828308,
      0.02622687816619873,
      0.020830217748880386,
      0.0007873363792896271
    ],
    [
      0.017902955412864685,
      0.02822008728981018,
      -0.005603618919849396,
      0.0183604396879673,
      0.0004659779369831085,
      -0.005231156945228577,
      -0.0030878260731697083,
      0.01830701157450676,
      -0.03842286765575409,
      0.008698798716068268,
      -0.0029713064432144165
    ],
    [
      -0.0042461007833480835,
      0.02018701657652855,
      -0.008924443274736404,
      -0.014315322041511536,
      0.009211316704750061,
      -0.02400890924036503,
      0.0027440376579761505,
      -0.004697583615779877,
      -0.015388071537017822,
      -0.01646987348794937,
      0.009427882730960846
    ],
    [
      -0.0036213211715221405,
      -0.00946580246090889,
      -0.018017370253801346,
      -0.019082166254520416,
      -0.007664788514375687,
      -0.0047610364854335785,
      0.015783902257680893,
      -0.0021636411547660828,
      -0.0005593597888946533,
      -0.004531070590019226,
      -0.001145739108324051
    ],
    [
      -0.0003679431974887848,
      -0.013949574902653694,
      0.012726269662380219,
      0.004538185894489288,
      0.013579949736595154,
      -0.013724222779273987,
      0.028889190405607224,
      0.012280784547328949,
      -0.0057893432676792145,
      0.0016705170273780823,
      -0.03008599951863289
    ],
    [
      0.021936628967523575,
      0.022410321980714798,
      0.011885080486536026,
      -0.02190430834889412,
      0.02749231830239296,
      0.0070931315422058105,
      -0.016697559505701065,
      0.021795524284243584,
      0.010772712528705597,
      0.018454860895872116,
      -0.003199707716703415
    ],
    [
      0.019523829221725464,
      -0.011064756661653519,
      -0.0035504065454006195,
      0.013204365968704224,
      -0.025645069777965546,
      0.0032138824462890625,
      -0.01947234943509102,
      0.0076166316866874695,
      0.00117599219083786,
      -0.011624392122030258,
      0.0094163678586483
    ],
    [
      -0.012037679553031921,
      -0.012237302958965302,
      -0.0010154135525226593,
      0.04233129695057869,
      0.037210021167993546,
      0.02297506481409073,
      0.0002015531063079834,
      0.00816342979669571,
      0.009922616183757782,
      -0.001966342329978943,
      0.03213269263505936
    ]
  ],
  "null_evals": [
    -0.21751849353313446,
    4.527031898498535,
    -46.89426040649414,
    62.740962982177734,
    -113.265625
  ],
  "taylor_coeffs": {
    "x0y0": -0.004156617905285869,
    "x0y1": -0.009016663140814368,
    "x0y2": 0.004089889314875946,
    "x0y3": -0.20392849251882514,
    "x0y4": 0.9687157990279457,
    "x1y0": -0.04022250487878596,
    "x1y1": 0.0069085006162533475,
    "x1y2": -0.4418911105287101,
    "x1y3": 1.166286922786639,
    "x2y0": 0.4764717358168386,
    "x2y1": 0.4318667536669745,
    "x2y2": -0.7035372765787896,
    "x3y0": 0.7476757552324175,
    "x3y1": -0.9996434034875396,
    "x4y0": -4.159693252283825
  },
  "classification": "FOLD_A2",