{
  "V0": 0.6584086865186691,
  "best_V": 0.6584086865186691,
  "best_u": [
    0.0,
    0.0,
    0.0,
    0.0,
    0.0
  ],
  "grad_at_origin": [
    0.20296072587370872,
    -0.24587406776845455,
    0.035585444420576096,
    0.1333807222545147,
    0.006088055670261383
  ],
  "grad_norm_at_origin": 0.347477940010268,
  "grad_at_ustar": [
    -0.2576701156795025,
    -0.33234722912311554,
    -0.15276089310646057,
    -0.01268358901143074,
    -0.12215571478009224
  ],
  "grad_norm_at_ustar": 0.4639691280316294,
  "hessian": [
    [
      -0.6805352866649627,
      -2.1069435402750964,
      0.5950624123215674,
      1.832608506083488,
      -0.7089355960488318
    ],
    [
      -2.1069435402750964,
      -1.552157290279865,
      2.6701036840677257,
      -2.907113172113895,
      2.4139212444424625
    ],
    [
      0.5950624123215674,
      2.6701036840677257,
      1.84460487216711,
      0.5996322259306907,
      0.23432709276676172
    ],
    [
      1.832608506083488,
      -2.907113172113895,
      0.5996322259306907,
      0.2492817118763923,
      -1.1325584724545477
    ],
    [
      -0.7089355960488318,
      2.4139212444424625,
      0.23432709276676172,
      -1.1325584724545477,
      1.3921234756708143
    ]
  ],
  "hessian_eigenvalues": [
    -5.19599794238284,
    -2.114007417950901,
    0.16153476357796426,
    2.618953126592207,
    5.782834952933057
  ],
  "n_near_zero_evals": 0,
  "null_evals": [
    -0.21751849353313446,
    4.527031898498535,
    -46.89426040649414,
    62.740962982177734,
    -113.265625
  ],
  "classification": "NOT_AT_CRITICAL_POINT",
  "message": "\u2016\u2207V\u2016=0.464>0.1. Find better critical point."
}