{
  "experiment": "P2 Hessian as Secondary Fukaya Structure",
  "checkpoint": "basin_state.pt",
  "config": {
    "rank": 6,
    "k_lanczos": 20,
    "fd_eps": 0.0001
  },
  "strip_areas": [
    8.662932395935059,
    8.684523582458496,
    8.805987358093262,
    8.61479377746582,
    8.633824348449707
  ],
  "strip_area_std": 0.06718299283884271,
  "m2_values": [
    {
      "triple": [
        0,
        1,
        2
      ],
      "A_k": 8.662932395935059,
      "A_k1": 8.684523582458496,
      "wall_score": 0.0215911865234375,
      "threshold": 0.10374908447265625,
      "m2_nonzero": false
    },
    {
      "triple": [
        1,
        2,
        3
      ],
      "A_k": 8.684523582458496,
      "A_k1": 8.805987358093262,
      "wall_score": 0.1296863555908203,
      "threshold": 0.10374908447265625,
      "m2_nonzero": true
    },
    {
      "triple": [
        2,
        3,
        4
      ],
      "A_k": 8.805987358093262,
      "A_k1": 8.61479377746582,
      "wall_score": 0.1911935806274414,
      "threshold": 0.10374908447265625,
      "m2_nonzero": true
    },
    {
      "triple": [
        3,
        4,
        5
      ],
      "A_k": 8.61479377746582,
      "A_k1": 8.633824348449707,
      "wall_score": 0.11220645904541016,
      "threshold": 0.10374908447265625,
      "m2_nonzero": true
    }
  ],
  "m2_functional": 8.386488254407498,
  "Hess_m2": [
    [
      912.9992635248385,
      -727.6344505591226,
      -170.75068270422378,
      -50.932549289228746,
      36.3182252272054
    ],
    [
      -727.6344505591226,
      1615.1100670214191,
      36.556325921921484,
      -396.5776929959475,
      -527.4538859900701
    ],
    [
      -170.75068270422378,
      36.556325921921484,
      -55.541633914302224,
      160.30607490336024,
      29.429881776010802
    ],
    [
      -50.932549289228746,
      -396.5776929959475,
      160.30607490336024,
      471.5903584529002,
      -184.38622726435483
    ],
    [
      36.3182252272054,
      -527.4538859900701,
      29.429881776010802,
      -184.38622726435483,
      646.0919076634042
    ]
  ],
  "Hess_m2_eigvals": [
    -149.5841022411299,
    1.5986086170480378e-07,
    743.2273603595277,
    743.2274331959455,
    2253.379271274055
  ],
  "H_hat": [
    [
      0.0007742444548433581,
      -0.00012911728202265988,
      6.627486972643139e-05,
      -5.815782665102421e-06,
      7.485383895516604e-07
    ],
    [
      -0.00012911728202265988,
      3.302684242107314e-05,
      -5.943436090327313e-05,
      -5.255998398957116e-05,
      5.273196134354233e-07
    ],
    [
      6.627486972643139e-05,
      -5.943436090327313e-05,
      0.0018063302677765144,
      0.0014877732672413028,
      7.402266304952154e-05
    ],
    [
      -5.815782665102421e-06,
      -5.255998398957116e-05,
      0.0014877732672413028,
      0.0013542723738596146,
      -0.0003300751859266791
    ],
    [
      7.485383895516604e-07,
      5.273196134354233e-07,
      7.402266304952154e-05,
      -0.0003300751859266791,
      0.0017012743136407675
    ]
  ],
  "H_hat_eigvals": [
    3.943776189860162e-06,
    2.5070984481387947e-05,
    0.0007970340895289011,
    0.0017364832772788104,
    0.003106616125062368
  ],
  "Lanczos_top5_eigvals": [
    -293.87615966796875,
    -97.35514831542969,
    92.29454803466797,
    -68.9930648803711,
    67.30118560791016
  ],
  "Hk_diagonal": [
    -0.0010157545330002904,
    -73.59107971191406,
    -210.30636596679688,
    -36.97200393676758,
    32.729671478271484,
    -23.221744537353516,
    -7.933401584625244,
    9.847188949584961,
    -2.263859510421753,
    -13.608128547668457,
    -8.644213676452637,
    -10.089930534362793,
    6.697134494781494,
    1.2773946523666382,
    -0.5953960418701172,
    -2.2923755645751953,
    2.6122846603393555,
    -2.548356771469116,
    -7.967342853546143,
    -5.883772373199463
  ],
  "Hk_offdiagonal": [
    0.5771654844284058,
    100.41543579101562,
    96.63179779052734,
    56.20183563232422,
    38.7885627746582,
    62.41933822631836,
    44.975494384765625,
    32.8665771484375,
    28.842287063598633,
    28.150758743286133,
    20.9400634765625,
    23.845693588256836,
    26.967138290405273,
    17.386611938476562,
    19.651752471923828,
    21.52142906188965,
    19.867570877075195,
    19.69548797607422,
    16.85007095336914
  ],
  "P2_result": {
    "r_m2": 0.35261198604205907,
    "relative_error": 1.3701458438334423e-06,
    "alpha_star": 5.162914410716492e-07,
    "norm_H_hat": 0.003647238046559498,
    "norm_Hess_m2": 2490.9571394331347,
    "scale_ratio": 682970.8143398883,
    "scale_collapse": true,
    "verdict": "PARTIAL",
    "verdict_detail": "SCALE_COLLAPSE: directions partially align (r=0.3526) but amplitude mismatch (6.8e+05x) makes \u03b1*\u22480. Use spectral_cos as primary metric in this regime."
  },
  "spectral_comparison": {
    "eigvals_H_hat": [
      0.003106616125062368,
      0.0017364832772788104,
      0.0007970340895289011,
      2.5070984481387947e-05,
      3.943776189860162e-06
    ],
    "eigvals_Hess_m2": [
      2253.379271274055,
      743.2274331959455,
      743.2273603595277,
      -149.5841022411299,
      1.5986086170480378e-07
    ],
    "spectral_cos": 0.9773805867019988
  },
  "hessenberg_m2": {
    "cos_similarity": -0.11162817741368654,
    "relative_error": 0.12440529888032112,
    "alpha_scale": -0.013974477235631921,
    "sub_dim": 5,
    "interpretation": "NO_MATCH"
  },
  "exchange_matrix_B": [
    [
      0.0,
      -0.021591,
      -0.143055,
      0.048139,
      0.029108
    ],
    [
      0.021591,
      0.0,
      -0.121464,
      0.06973,
      0.050699
    ],
    [
      0.143055,
      0.121464,
      0.0,
      0.191194,
      0.172163
    ],
    [
      -0.048139,
      -0.06973,
      -0.191194,
      0.0,
      -0.019031
    ],
    [
      -0.029108,
      -0.050699,
      -0.172163,
      0.019031,
      0.0
    ]
  ],
  "B_vs_Hess_m2_cos": 0.0,
  "B_vs_H_hat_cos": 0.0,
  "regime": "SEARCH/TRANSVERSE (uniform, B\u22480)",
  "elapsed_s": 1.8
}