{
  "experiment": "P3 Wall Crossing = Gradient Singularity",
  "config": {
    "rank": 6,
    "k_lanczos": 30,
    "n_null": 3,
    "null_threshold": 0.05,
    "Z_threshold": 0.05
  },
  "checkpoints": [
    {
      "checkpoint": "basin_state.pt",
      "metadata": {},
      "step": "unknown",
      "tau": 4.043318674734643,
      "val": "unknown",
      "phi_cl": 5,
      "strip_areas": [
        8.663578033447266,
        8.724442481994629,
        8.62303638458252,
        8.555269241333008,
        8.645052909851074
      ],
      "strip_area_std": 0.05505117160542875,
      "phases_rad": [
        3.141592502593994,
        3.141592502593994,
        3.141592502593994,
        0.0,
        3.03066086769104
      ],
      "clean_phases": [
        true,
        true,
        true,
        true,
        true
      ],
      "Z_vals_real": [
        -8.663578033447166,
        -8.72444248199453,
        -8.62303638458242,
        8.555269241333008,
        -8.59191502542823
      ],
      "Z_vals_imag": [
        1.3081638882068377e-06,
        1.317354164251896e-06,
        1.3020422695397615e-06,
        0.0,
        0.9570454586617763
      ],
      "Z_vals_abs": [
        8.663578033447266,
        8.724442481994629,
        8.623036384582518,
        8.555269241333008,
        8.645052909851074
      ],
      "top_k_eigvals": [
        0.007202998269349337,
        -1.8137460947036743,
        2.2479405403137207,
        -8.113454818725586,
        8.313118934631348,
        13.810558319091797,
        -14.319931983947754,
        18.62533950805664,
        -19.532825469970703,
        24.634258270263672
      ],
      "Hk_diagonal": [
        0.002493625972419977,
        42.26474380493164,
        58.70279312133789,
        20.793596267700195,
        52.02988052368164,
        -4.013191223144531,
        49.48833465576172,
        20.75088119506836,
        -6.921937942504883,
        13.12488079071045,
        29.828289031982422,
        0.22584295272827148,
        -18.056398391723633,
        -13.445534706115723,
        -4.25111198425293,
        -11.785028457641602,
        -6.869272708892822,
        -4.309609889984131,
        -7.274362087249756,
        -16.28108024597168,
        -10.319402694702148,
        -4.5240654945373535,
        -9.930384635925293,
        -7.620116233825684,
        -7.279053688049316,
        -14.302021980285645,
        -13.810820579528809,
        -7.5666399002075195,
        -1.9619696140289307,
        -5.680427551269531
      ],
      "Hk_offdiagonal": [
        0.6461096405982971,
        76.30506896972656,
        56.929203033447266,
        71.55867767333984,
        55.78195571899414,
        59.03495407104492,
        51.1124267578125,
        33.45169448852539,
        37.2296028137207,
        59.421363830566406,
        35.03859329223633,
        29.201156616210938,
        31.56940269470215,
        28.68718147277832,
        25.877084732055664,
        32.155189514160156,
        22.52823257446289,
        19.049407958984375,
        23.808090209960938,
        26.24559783935547,
        22.790321350097656,
        26.121335983276367,
        25.833324432373047,
        21.24605941772461,
        20.463327407836914,
        22.1462459564209,
        21.38498306274414,
        18.839405059814453,
        18.847667694091797
      ],
      "null_eigvectors": [
        {
          "eigvec_idx": 0,
          "eigenvalue": 0.007202998269349337,
          "is_near_null": true,
          "Z_abs": 0.0017671705530458602,
          "Z_real": 0.0011965347208219672,
          "Z_imag": -0.0013004600822093344,
          "p3_satisfied": true,
          "pi_v_norm": 0.0036651790298950332,
          "pi_v": [
            0.0029583870594097053,
            -0.0009456551894028648,
            -0.001299221973446484,
            -0.0005028179708029008,
            -0.0013588288864336093
          ],
          "Z_components": [
            {
              "k": 0,
              "pi_v_k": 0.0029583870594097053,
              "Z_k_abs": 8.663578033447266,
              "Z_k_contribution": 0.02563021714233657
            },
            {
              "k": 1,
              "pi_v_k": -0.0009456551894028648,
              "Z_k_abs": 8.724442481994629,
              "Z_k_contribution": 0.00825031430774503
            },
            {
              "k": 2,
              "pi_v_k": -0.001299221973446484,
              "Z_k_abs": 8.623036384582518,
              "Z_k_contribution": 0.011203238348678134
            },
            {
              "k": 3,
              "pi_v_k": -0.0005028179708029008,
              "Z_k_abs": 8.555269241333008,
              "Z_k_contribution": 0.004301743119599535
            },
            {
              "k": 4,
              "pi_v_k": -0.0013588288864336093,
              "Z_k_abs": 8.645052909851074,
              "Z_k_contribution": 0.01174714761865257
            }
          ]
        },
        {
          "eigvec_idx": 1,
          "eigenvalue": -1.8137460947036743,
          "is_near_null": true,
          "Z_abs": 0.21702590519752538,
          "Z_real": -0.21690647393493254,
          "Z_imag": 0.007198964642204241,
          "p3_satisfied": false,
          "pi_v_norm": 0.015564597358848926,
          "pi_v": [
            0.0040694282640320115,
            0.00612409355141904,
            -0.003473146779814454,
            -0.010933789353687776,
            0.007522062518717884
          ],
          "Z_components": [
            {
              "k": 0,
              "pi_v_k": 0.0040694282640320115,
              "Z_k_abs": 8.663578033447266,
              "Z_k_contribution": 0.035255809316957175
            },
            {
              "k": 1,
              "pi_v_k": 0.00612409355141904,
              "Z_k_abs": 8.724442481994629,
              "Z_k_contribution": 0.05342930194370964
            },
            {
              "k": 2,
              "pi_v_k": -0.003473146779814454,
              "Z_k_abs": 8.623036384582518,
              "Z_k_contribution": 0.029949071051335648
            },
            {
              "k": 3,
              "pi_v_k": -0.010933789353687776,
              "Z_k_abs": 8.555269241333008,
              "Z_k_contribution": 0.09354151174881933
            },
            {
              "k": 4,
              "pi_v_k": 0.007522062518717884,
              "Z_k_abs": 8.645052909851074,
              "Z_k_contribution": 0.06502862846552374
            }
          ]
        },
        {
          "eigvec_idx": 2,
          "eigenvalue": 2.2479405403137207,
          "is_near_null": true,
          "Z_abs": 0.023059680080942748,
          "Z_real": 0.022359636660008203,
          "Z_imag": -0.005638749317698464,
          "p3_satisfied": true,
          "pi_v_norm": 0.01557886641823614,
          "pi_v": [
            0.0047897025200938845,
            0.01043533748160642,
            -0.004990276785442185,
            0.007158691822561651,
            -0.005891844302550599
          ],
          "Z_components": [
            {
              "k": 0,
              "pi_v_k": 0.0047897025200938845,
              "Z_k_abs": 8.663578033447266,
              "Z_k_contribution": 0.041495961539832385
            },
            {
              "k": 1,
              "pi_v_k": 0.01043533748160642,
              "Z_k_abs": 8.724442481994629,
              "Z_k_contribution": 0.09104250163847791
            },
            {
              "k": 2,
              "pi_v_k": -0.004990276785442185,
              "Z_k_abs": 8.623036384582518,
              "Z_k_contribution": 0.04303133829000545
            },
            {
              "k": 3,
              "pi_v_k": 0.007158691822561651,
              "Z_k_abs": 8.555269241333008,
              "Z_k_contribution": 0.06124453595774382
            },
            {
              "k": 4,
              "pi_v_k": -0.005891844302550599,
              "Z_k_abs": 8.645052909851074,