{
  "experiment": "P3 Wall Crossing = Gradient Singularity",
  "config": {
    "rank": 6,
    "k_lanczos": 30,
    "n_null": 3,
    "null_threshold": 0.05,
    "Z_threshold": 0.05
  },
  "checkpoints": [
    {
      "checkpoint": "tau_spikes/tau_spike_step0064_tau5.90.pt",
      "metadata": {
        "step": 64,
        "tau": 5.895166286719385,
        "val": 0.6522815153002739,
        "phi_cl": 3,
        "window_max": 7.451598305829196,
        "window_min": 4.688979385587484,
        "spike_ratio": 1.5891727586976083,
        "tau_history": [
          [
            8,
            4.8665739743623675
          ],
          [
            16,
            4.688979385587484
          ],
          [
            24,
            5.613536969086557
          ],
          [
            32,
            7.451598305829196
          ],
          [
            40,
            5.950185984838857
          ],
          [
            48,
            5.923137475365826
          ],
          [
            56,
            5.606997301506826
          ],
          [
            64,
            5.895166286719385
          ]
        ]
      },
      "step": 64,
      "tau": 5.895166286719385,
      "val": 0.6522815153002739,
      "phi_cl": 5,
      "strip_areas": [
        8.619760513305664,
        8.77698802947998,
        8.659451484680176,
        8.751760482788086,
        8.737942695617676
      ],
      "strip_area_std": 0.05950981241804823,
      "phases_rad": [
        0.0,
        3.141592502593994,
        0.0,
        0.0,
        3.141592502593994
      ],
      "clean_phases": [
        true,
        true,
        true,
        true,
        true
      ],
      "Z_vals_real": [
        8.619760513305664,
        -8.77698802947988,
        8.659451484680176,
        8.751760482788086,
        -8.737942695617576
      ],
      "Z_vals_imag": [
        0.0,
        1.32528832118348e-06,
        0.0,
        0.0,
        1.3193926397958994e-06
      ],
      "Z_vals_abs": [
        8.619760513305664,
        8.77698802947998,
        8.659451484680176,
        8.751760482788086,
        8.737942695617676
      ],
      "top_k_eigvals": [
        -0.16031314432621002,
        3.924173593521118,
        -19.811790466308594,
        30.719648361206055,
        -52.200618743896484,
        60.89235305786133,
        -81.91527557373047,
        85.20951843261719,
        -111.68658447265625,
        113.66163635253906
      ],
      "Hk_diagonal": [
        -0.002289798576384783,
        -240.2879180908203,
        34.03105163574219,
        262.5416259765625,
        -52.266143798828125,
        -43.74365997314453,
        -47.344451904296875,
        -25.690921783447266,
        -178.52664184570312,
        -165.05014038085938,
        -58.649208068847656,
        4.454345703125,
        -37.33238983154297,
        -19.970510482788086,
        -39.398372650146484,
        -98.00507354736328,
        -154.79969787597656,
        -163.1200408935547,
        -14.107056617736816,
        50.53707504272461,
        43.28232192993164,
        22.349428176879883,
        32.577781677246094,
        55.279022216796875,
        20.93926239013672,
        8.945085525512695,
        -4.416643142700195,
        -14.745622634887695,
        -43.4127197265625,
        -36.8841667175293
      ],
      "Hk_offdiagonal": [
        2.9984731674194336,
        553.0352172851562,
        727.717041015625,
        334.5045166015625,
        226.94842529296875,
        229.77886962890625,
        292.8564147949219,
        266.5638732910156,
        247.69137573242188,
        240.12234497070312,
        149.06773376464844,
        175.59710693359375,
        189.01113891601562,
        158.48486328125,
        147.99179077148438,
        169.6652069091797,
        186.93064880371094,
        136.54376220703125,
        128.37078857421875,
        109.4007568359375,
        103.8014144897461,
        96.53227996826172,
        114.88861083984375,
        123.94528198242188,
        110.9018325805664,
        92.53904724121094,
        79.89913940429688,
        78.37803649902344,
        90.29846954345703
      ],
      "null_eigvectors": [
        {
          "eigvec_idx": 0,
          "eigenvalue": -0.16031314432621002,
          "is_near_null": true,
          "Z_abs": 0.011166010969070992,
          "Z_real": 0.011166010969070949,
          "Z_imag": -9.841661427810334e-10,
          "p3_satisfied": true,
          "pi_v_norm": 0.0037760169622743697,
          "pi_v": [
            -0.0009140456898083552,
            -0.0028270705954097516,
            0.0006400562524992591,
            0.0007980670810958768,
            0.0020937796810084363
          ],
          "Z_components": [
            {
              "k": 0,
              "pi_v_k": -0.0009140456898083552,
              "Z_k_abs": 8.619760513305664,
              "Z_k_contribution": 0.007878854944367297
            },
            {
              "k": 1,
              "pi_v_k": -0.0028270705954097516,
              "Z_k_abs": 8.77698802947998,
              "Z_k_contribution": 0.024813164774406225
            },
            {
              "k": 2,
              "pi_v_k": 0.0006400562524992591,
              "Z_k_abs": 8.659451484680176,
              "Z_k_contribution": 0.005542536065983539
            },
            {
              "k": 3,
              "pi_v_k": 0.0007980670810958768,
              "Z_k_abs": 8.751760482788086,
              "Z_k_contribution": 0.00698449194294893
            },
            {
              "k": 4,
              "pi_v_k": 0.0020937796810084363,
              "Z_k_abs": 8.737942695617676,
              "Z_k_contribution": 0.018295326869900375
            }
          ]
        },
        {
          "eigvec_idx": 1,
          "eigenvalue": 3.924173593521118,
          "is_near_null": true,
          "Z_abs": 0.004488388924349631,
          "Z_real": 0.004488388924349402,
          "Z_imag": 1.435660170124112e-09,
          "p3_satisfied": true,
          "pi_v_norm": 0.013310385056721564,
          "pi_v": [
            0.008423297436914992,
            -0.0058447384762258464,
            -0.004046041739447454,
            -0.0026936257968542773,
            0.006958977590217789
          ],
          "Z_components": [
            {
              "k": 0,
              "pi_v_k": 0.008423297436914992,
              "Z_k_abs": 8.619760513305664,
              "Z_k_contribution": 0.07260680663854865
            },
            {
              "k": 1,
              "pi_v_k": -0.0058447384762258464,
              "Z_k_abs": 8.77698802947998,
              "Z_k_contribution": 0.05129919964127531
            },
            {
              "k": 2,
              "pi_v_k": -0.004046041739447454,
              "Z_k_abs": 8.659451484680176,
              "Z_k_contribution": 0.035036502147736216
            },
            {
              "k": 3,
              "pi_v_k": -0.0026936257968542773,
              "Z_k_abs": 8.751760482788086,
              "Z_k_contribution": 0.02357396780432783
            },
            {
              "k": 4,
              "pi_v_k": 0.006958977590217789,
              "Z_k_abs": 8.737942695617676,
              "Z_k_contribution": 0.06080714740341062
            }
          ]
        },
        {
          "eigvec_idx": 2,
          "eigenvalue": -19.811790466308594,
          "is_near_null": true,
          "Z_abs": 0.025462157737049147,
          "Z_real": -0.025462157737044407,
          "Z_imag": -1.5535030984091775e-08,
          "p3_satisfied": true,
          "pi_v_norm": 0.020977385928416952,
          "pi_v": [
            0.006552643401784936,
            -0.012875257323370425,
            -0.00902946093713424,
            -0.012184755062823212,
            0.0011584096596442693
          ],
          "Z_components": [
            {
              "k": 0,
              "pi_v_k": 0.006552643401784936,
              "Z_k_abs": 8.619760513305664,