{
  "step64 (\u03c6=0, on wall)": {
    "path": "tau_spikes/tau_spike_step0064_tau5.90.pt",
    "phi0": 0.0,
    "test_A": {
      "dphi_values": [
        0.0,
        0.0,
        0.0,
        0.0,
        0.0,
        0.0,
        0.0,
        0.0,
        0.0,
        0.0,
        0.0,
        0.0,
        0.0,
        0.0,
        0.0,
        0.0,
        0.0,
        0.0,
        0.0,
        0.0,
        0.0,
        0.0,
        0.0,
        0.0,
        0.0,
        0.0,
        0.0,
        0.0,
        0.0,
        0.0,
        0.0,
        0.0,
        0.0,
        0.0,
        0.0,
        0.0,
        0.0,
        0.0,
        0.0,
        0.0,
        0.0,
        0.0,
        0.0,
        0.0,
        0.0,
        0.0,
        0.0,
        0.0,
        0.0,
        0.0,
        0.0,
        0.0,
        0.0,
        0.0,
        0.0,
        0.0,
        0.0,
        0.0,
        0.0,
        0.0,
        0.0,
        0.0,
        0.0,
        0.0,
        0.0,
        0.0,
        0.0,
        0.0,
        0.0,
        0.0,
        0.0,
        0.0,
        0.0,
        0.0,
        0.0,
        0.0,
        0.0,
        0.0,
        0.0,
        0.0,
        0.0,
        0.0,
        0.0,
        0.0,
        0.0,
        0.0,
        0.0,
        0.0,
        0.0,
        0.0,
        0.0,
        0.0,
        0.0,
        0.0,
        0.0,
        0.0,
        0.0,
        0.0,
        0.0,
        0.0
      ],
      "mean_dphi": 0.0,
      "max_dphi": 0.0,
      "frac_zero": 1.0,
      "verdict": "DPH_ZERO_GLOBALLY",
      "message": "d\u03c6=0 as a covector. Phase Critical Point Theorem applies."
    },
    "test_B": {
      "phi0": 0.0,
      "lambda_abs": 12.478578567504883,
      "lambda_imag": 0.0,
      "im_ell_frac": 0.0,
      "im_r_frac": 0.0,
      "eigvecs_real": true,
      "lambda_real": true,
      "verdict": "REAL_EIGENVECTORS",
      "message": "\u03bb real, \u2113,r real \u2192 d\u03c6=0 by perturbation theory. Q.E.D."
    },
    "test_C": {
      "phi0": 0.0,
      "convergence_data": [
        {
          "h": 0.5,
          "mean_c1": 1.1300220060348511,
          "mean_c2": 3.7713147572108667
        },
        {
          "h": 0.1,
          "mean_c1": 0.04862165153026584,
          "mean_c2": 0.6945950218609377
        },
        {
          "h": 0.01,
          "mean_c1": 0.0,
          "mean_c2": 0.0
        },
        {
          "h": 0.001,
          "mean_c1": 0.0,
          "mean_c2": 0.0
        },
        {
          "h": 0.0001,
          "mean_c1": 0.0,
          "mean_c2": 0.0
        }
      ],
      "alpha": 3.66851212787679,
      "mean_c2_small_h": 0.0,
      "scaling_verdict": "C1_CONVERGES_TO_ZERO",
      "verdict": "APPROXIMATELY_QUADRATIC",
      "message": "c\u2081 \u2192 0 confirmed, c\u2082 small. Consistent with quadratic."
    },
    "test_D": [
      {
        "d2phi_num": 0.0,
        "d2phi_ana": 0.0008355262689292431,
        "match": true
      },
      {
        "d2phi_num": 0.0,
        "d2phi_ana": 0.0002138718991773203,
        "match": true
      },
      {
        "d2phi_num": 0.0,
        "d2phi_ana": 0.0005525664309971035,
        "match": true
      },
      {
        "d2phi_num": 0.0,
        "d2phi_ana": -0.00030900337151251733,
        "match": true
      },
      {
        "d2phi_num": 0.0,
        "d2phi_ana": 4.5429787860484794e-05,
        "match": true
      }
    ],
    "elapsed_s": 17.9
  },
  "step72 (\u03c6=1.02, off wall)": {
    "path": "tau_spikes/tau_spike_step0072_tau5.94.pt",
    "phi0": 1.0203883647918701,
    "test_A": {
      "dphi_values": [
        0.4153907299041748,
        0.3161609172821045,
        0.6757915019989014,
        0.507587194442749,
        1.5103459358215332,
        1.17112398147583,
        0.10030269622802734,
        0.879669189453125,
        1.589423418045044,
        1.1450767517089844,
        0.7489264011383057,
        0.5885779857635498,
        0.6158053874969482,
        1.53120756149292,
        0.8542060852050781,
        0.9012460708618164,
        0.8041918277740479,
        0.059348344802856445,
        0.09312033653259277,
        0.5934774875640869,
        0.4264652729034424,
        0.6301343441009521,
        0.4382133483886719,
        0.6699740886688232,
        0.1449108123779297,
        0.8377790451049805,
        1.0900139808654785,
        0.1297593116760254,
        1.607835292816162,
        0.8297562599182129,
        0.8784949779510498,
        0.4868626594543457,
        0.3408968448638916,
        0.08419156074523926,
        1.0600030422210693,
        1.4975309371948242,
        0.6261467933654785,
        0.33234357833862305,
        0.6139576435089111,
        1.0547339916229248,
        0.5891740322113037,
        0.0598907470703125,
        0.0319361686706543,
        2.8971582651138306,
        0.764697790145874,
        0.5171298980712891,
        0.4470348358154297,
        0.8436858654022217,
        1.8213629722595215,
        0.040280818939208984,
        0.41608214378356934,
        1.21956467628479,
        2.1881073713302612,
        0.29729604721069336,
        1.9396185874938965,
        1.6584575176239014,
        0.09007453918457031,
        1.7866849899291992,
        0.22279024124145508,
        1.1660754680633545,
        0.061315298080444336,
        0.7272779941558838,
        1.0036706924438477,
        0.08324980735778809,
        0.4212319850921631,
        0.4156768321990967,
        0.22820234298706055,
        0.5199968814849854,
        1.358705759048462,
        0.46826601028442383,
        1.1659085750579834,
        0.8605241775512695,
        0.30414462089538574,
        0.4034757614135742,
        0.33944249153137207,
        1.414412260055542,
        1.2905240058898926,
        0.21829605102539062,
        0.08952617645263672,
        1.1833906173706055,
        0.5388259887695312,
        0.8062005043029785,
        1.4815270900726318,
        0.011456012725830078,
        0.7494807243347168,
        0.31422972679138184,
        0.11718273162841797,
        1.3676762580871582,
        0.5551278591156006,
        0.5643725395202637,
        0.6522417068481445,
        1.581430435180664,
        0.09948611259460449,
        0.8385121822357178,
        0.5239725112915039,
        0.6600499153137207,
        1.3054370880126953,
        0.3219008445739746,
        0.11113882064819336,
        1.5231907367706299
      ],
      "mean_dphi": 0.7455876469612122,
      "max_dphi": 2.8971582651138306,
      "frac_zero": 0.0,
      "verdict": "DPH_NONZERO",
      "message": "d\u03c6\u22600 (max=2.8972). Wall is regular codimension-1."
    },
    "test_B": {
      "phi0": 1.0203883647918701,
      "lambda_abs": 27.94249725341797,
      "lambda_imag": 23.815704345703125,
      "im_ell_frac": 0.7175883054733276,
      "im_r_frac": 0.5939192771911621,
      "eigvecs_real": false,
      "lambda_real": false,
      "verdict": "COMPLEX_LAMBDA",
      "message": "\u03bb not real (\u03c6=1.0204). Not at clean phase."
    },
    "test_C": {
      "phi0": 1.0203883647918701,
      "convergence_data": [
        {
          "h": 0.5,
          "mean_c1": 1.2703063833713533,
          "mean_c2": 3.127182214600699
        },
        {
          "h": 0.1,
          "mean_c1": 0.943660140037537,
          "mean_c2": 0.9385807173592688
        },
        {
          "h": 0.01,
          "mean_c1": 0.7831544876098632,
          "mean_c2": 1.1294228690011134
        },
        {
          "h": 0.001,
          "mean_c1": 0.5253124237060545,
          "mean_c2": 0.8855547223772445
        },
        {
          "h": 0.0001,
          "mean_c1": 0.6593227386474607,
          "mean_c2": 7.493155343191686
        }
      ],
      "alpha": 0.08607709143486861,
      "mean_c2_small_h": 3.1693776448566813,
      "scaling_verdict": "C1_DOES_NOT_CONVERGE",
      "verdict": "LINEAR_DOMINANT",
      "message": "c\u2081 does not vanish. Genuine first-order contribution."
    },