{
  "results": [
    {
      "label": "tau_spike_step0064_tau5.90",
      "meta": {
        "step": 64,
        "tau": 5.895166286719385,
        "val": 0.6522815153002739,
        "phi_cl": 3,
        "window_max": 7.451598305829196,
        "window_min": 4.688979385587484,
        "spike_ratio": 1.5891727586976083,
        "tau_history": [
          [
            8,
            4.8665739743623675
          ],
          [
            16,
            4.688979385587484
          ],
          [
            24,
            5.613536969086557
          ],
          [
            32,
            7.451598305829196
          ],
          [
            40,
            5.950185984838857
          ],
          [
            48,
            5.923137475365826
          ],
          [
            56,
            5.606997301506826
          ],
          [
            64,
            5.895166286719385
          ]
        ]
      },
      "L0": 0.6437686290591955,
      "phases0": [
        0.0,
        3.141592502593994,
        0.0,
        0.0,
        3.141592502593994
      ],
      "areas0": [
        8.619762420654297,
        8.77698802947998,
        8.659451484680176,
        8.751760482788086,
        8.737942695617676
      ],
      "perturbations": [
        {
          "k": 0,
          "eps": 0.1,
          "L0": 0.6437686290591955,
          "L_rot": 0.6963584274053574,
          "L_scl": 0.6732592806220055,
          "dL_phase": 0.05258979834616184,
          "dL_area": 0.029490651562809944,
          "ratio": 1.7832695354817585,
          "dphi": 3.141592502593994,
          "dA_phase": -0.0105133056640625,
          "dA_area": -8.619762420654297
        },
        {
          "k": 0,
          "eps": 0.01,
          "L0": 0.6437686290591955,
          "L_rot": 0.6648949198424816,
          "L_scl": 0.6953326389193535,
          "dL_phase": 0.021126290783286095,
          "dL_area": 0.05156400986015797,
          "ratio": 0.4097099264289472,
          "dphi": 0.0,
          "dA_phase": -0.0016527175903320312,
          "dA_area": -8.61976432800293
        },
        {
          "k": 0,
          "eps": 0.001,
          "L0": 0.6437686290591955,
          "L_rot": 0.6769558545202017,
          "L_scl": 0.68061912804842,
          "dL_phase": 0.033187225461006165,
          "dL_area": 0.036850498989224434,
          "ratio": 0.9005906938954503,
          "dphi": 0.0,
          "dA_phase": -0.000171661376953125,
          "dA_area": -8.619762420654297
        },
        {
          "k": 1,
          "eps": 0.1,
          "L0": 0.6437686290591955,
          "L_rot": 0.6800258941948414,
          "L_scl": 0.6752134822309017,
          "dL_phase": 0.036257265135645866,
          "dL_area": 0.0314448531717062,
          "ratio": 1.153042547447617,
          "dphi": -3.141592502593994,
          "dA_phase": 0.030005455017089844,
          "dA_area": -8.77698802947998
        },
        {
          "k": 1,
          "eps": 0.01,
          "L0": 0.6437686290591955,
          "L_rot": 0.676106259226799,
          "L_scl": 0.6657760217785835,
          "dL_phase": 0.03233763016760349,
          "dL_area": 0.022007392719388008,
          "ratio": 1.469397846712497,
          "dphi": 0.0,
          "dA_phase": 0.0031986236572265625,
          "dA_area": -8.77698802947998
        },
        {
          "k": 1,
          "eps": 0.001,
          "L0": 0.6437686290591955,
          "L_rot": 0.6632715687155724,
          "L_scl": 0.683227188885212,
          "dL_phase": 0.01950293965637684,
          "dL_area": 0.039458559826016426,
          "ratio": 0.4942637237581242,
          "dphi": 0.0,
          "dA_phase": 0.00032138824462890625,
          "dA_area": -8.77698802947998
        },
        {
          "k": 2,
          "eps": 0.1,
          "L0": 0.6437686290591955,
          "L_rot": 0.6800651531666517,
          "L_scl": 0.6756405364722013,
          "dL_phase": 0.03629652410745621,
          "dL_area": 0.03187190741300583,
          "ratio": 1.1388246159499913,
          "dphi": 3.141592502593994,
          "dA_phase": 0.0034112930297851562,
          "dA_area": -8.659451484680176
        },
        {
          "k": 2,
          "eps": 0.01,
          "L0": 0.6437686290591955,
          "L_rot": 0.6315785925835371,
          "L_scl": 0.6819390151649714,
          "dL_phase": -0.012190036475658417,
          "dL_area": 0.03817038610577583,
          "ratio": 0.3193583960165888,
          "dphi": 0.0,
          "dA_phase": 0.0004425048828125,
          "dA_area": -8.659452438354492
        },
        {
          "k": 2,
          "eps": 0.001,
          "L0": 0.6437686290591955,
          "L_rot": 0.7077945973724127,
          "L_scl": 0.6830023881047964,
          "dL_phase": 0.06402596831321716,
          "dL_area": 0.03923375904560089,
          "ratio": 1.631909701023132,
          "dphi": 0.0,
          "dA_phase": 4.482269287109375e-05,
          "dA_area": -8.659452438354492
        }
      ],
      "grad_phi": [
        -0.14533384703099728,
        0.03395638428628445,
        -0.0370103120803833,
        -0.07768767885863781,
        0.016314666718244553
      ],
      "grad_A": [
        0.0014380179345607758,
        0.020801275968551636,
        -0.07588846608996391,
        -0.07576684467494488,
        0.06250854581594467
      ],
      "norm_phi": 0.17304990645326782,
      "norm_A": 0.12586402708879468,
      "global_ratio": 1.3748955655314345,
      "verdict": "NOT_EQUIVARIANT",
      "message": "\u2016\u2202L/\u2202\u03c6\u2016/\u2016\u2202L/\u2202A\u2016 = 1.3749 > 0.2. Loss is not phase-equivariant at this checkpoint. Need different symmetry for Stage IV. Check if equivariance holds at other checkpoints or in the basin-entry phase.",
      "elapsed_s": 16.0
    },
    {
      "label": "tau_spike_step0072_tau5.94",
      "meta": {
        "step": 72,
        "tau": 5.939148287128611,
        "val": 0.5431484319269657,
        "phi_cl": 2,
        "window_max": 7.451598305829196,
        "window_min": 4.688979385587484,
        "spike_ratio": 1.5891727586976083,
        "tau_history": [
          [
            8,
            4.8665739743623675
          ],
          [
            16,
            4.688979385587484
          ],
          [
            24,
            5.613536969086557
          ],
          [
            32,
            7.451598305829196
          ],
          [
            40,
            5.950185984838857
          ],
          [
            48,
            5.923137475365826
          ],
          [
            56,
            5.606997301506826
          ],
          [
            64,
            5.895166286719385
          ],
          [
            72,
            5.939148287128611
          ]
        ]
      },
      "L0": 0.5081958808004856,
      "phases0": [
        1.0203883647918701,
        2.8339428901672363,
        0.0,
        0.2429763227701187,
        0.0
      ],
      "areas0": [
        8.59683609008789,
        8.786527633666992,
        8.601251602172852,
        8.676036834716797,
        8.747994422912598
      ],
      "perturbations": [
        {
          "k": 0,
          "eps": 0.1,
          "L0": 0.5081958808004856,
          "L_rot": 0.5036864653229713,
          "L_scl": 0.49727858882397413,
          "dL_phase": -0.004509415477514267,
          "dL_area": -0.010917291976511478,
          "ratio": 0.4130521888298274,
          "dphi": 2.121204137802124,
          "dA_phase": -0.00074005126953125,
          "dA_area": -8.596835136413574
        },
        {
          "k": 0,
          "eps": 0.01,
          "L0": 0.5081958808004856,
          "L_rot": 0.5232968395575881,
          "L_scl": 0.5230085141956806,
          "dL_phase": 0.01510095875710249,
          "dL_area": 0.014812633395195007,
          "ratio": 1.0194641398037712,
          "dphi": 0.05659687519073486,
          "dA_phase": -0.00021076202392578125,
          "dA_area": -8.596835136413574
        },
        {
          "k": 0,