{
  "results": [
    {
      "trial": 0,
      "classification": "TYPE_B_COLLISION",
      "eps_critical": 0.04,
      "message": "Branch 0 becomes complex at \u03b5=0.040 with conjugate partner \u2192 eigenvalue collision.",
      "init_evals_real": [
        12.478578567504883,
        8.58763599395752,
        4.6043195724487305,
        3.960675001144409
      ],
      "im_at_eps": {
        "eps_0.000": [
          0.0,
          0.0,
          0.0,
          -1.6322420835494995
        ],
        "eps_0.100": [
          2.7537362575531006,
          -2.7537362575531006,
          0.0,
          -1.796445608139038
        ],
        "eps_0.200": [
          3.5296103954315186,
          -3.5296103954315186,
          0.0,
          -2.2004880905151367
        ],
        "eps_0.300": [
          2.830690860748291,
          -2.830690860748291,
          0.0,
          -3.425355911254883
        ],
        "eps_0.400": [
          2.386754035949707,
          -2.386754035949707,
          0.0,
          -4.0447096824646
        ],
        "eps_0.500": [
          2.4228572845458984,
          -2.4228572845458984,
          0.0,
          -4.100313663482666
        ]
      },
      "overlap_at_eps": {
        "eps_0.000": [
          1.0,
          1.0,
          1.0,
          1.0
        ],
        "eps_0.100": [
          0.918661167770685,
          0.9002757056509981,
          0.9839811977185932,
          0.96971823693229
        ],
        "eps_0.200": [
          0.8020092130398079,
          0.784481084648265,
          0.9469905838396963,
          0.8758138439074146
        ],
        "eps_0.300": [
          0.6341811903334799,
          0.6155489525150346,
          0.8862065170990167,
          0.6593167414046815
        ],
        "eps_0.400": [
          0.49713833386897943,
          0.47061551878814406,
          0.8059551398764994,
          0.5042545428225947
        ],
        "eps_0.500": [
          0.40357748615565936,
          0.3861075320867717,
          0.7209162706869826,
          0.4267470544375658
        ]
      }
    },
    {
      "trial": 1,
      "classification": "TYPE_A_OR_REAL",
      "eps_critical": null,
      "message": "Branch 0 stays real throughout.",
      "init_evals_real": [
        12.478578567504883,
        8.58763599395752,
        4.6043195724487305,
        3.960675001144409
      ],
      "im_at_eps": {
        "eps_0.000": [
          0.0,
          0.0,
          0.0,
          -1.6322420835494995
        ],
        "eps_0.100": [
          0.0,
          0.0,
          0.0,
          -1.6174290180206299
        ],
        "eps_0.200": [
          0.0,
          0.0,
          0.0,
          -1.6167513132095337
        ],
        "eps_0.300": [
          0.0,
          0.0,
          0.0,
          -1.6057578325271606
        ],
        "eps_0.400": [
          0.0,
          -0.3479810059070587,
          0.3479810059070587,
          -1.5626455545425415
        ],
        "eps_0.500": [
          0.0,
          -0.9354943037033081,
          0.9354943037033081,
          -1.5540308952331543
        ]
      },
      "overlap_at_eps": {
        "eps_0.000": [
          1.0,
          1.0,
          1.0,
          1.0
        ],
        "eps_0.100": [
          0.9867615547173175,
          0.9906489005797391,
          0.9766703523575269,
          0.9870901452615934
        ],
        "eps_0.200": [
          0.957490710171503,
          0.96760914142321,
          0.9209725308518728,
          0.9481182855751291
        ],
        "eps_0.300": [
          0.92524659057245,
          0.9309882058733557,
          0.8319610157332267,
          0.878493784281541
        ],
        "eps_0.400": [
          0.8938953755418801,
          0.8337732032524178,
          0.638253285418726,
          0.7742691059940424
        ],
        "eps_0.500": [
          0.8613564943149709,
          0.7523480089633103,
          0.5634983331579675,
          0.6103940817679654
        ]
      }
    },
    {
      "trial": 2,
      "classification": "TYPE_A_OR_REAL",
      "eps_critical": null,
      "message": "Branch 0 stays real throughout.",
      "init_evals_real": [
        12.478578567504883,
        8.58763599395752,
        4.6043195724487305,
        3.960675001144409
      ],
      "im_at_eps": {
        "eps_0.000": [
          0.0,
          0.0,
          0.0,
          -1.6322420835494995
        ],
        "eps_0.100": [
          0.0,
          0.0,
          0.0,
          -1.619149088859558
        ],
        "eps_0.200": [
          0.0,
          0.0,
          0.0,
          -1.63422429561615
        ],
        "eps_0.300": [
          0.0,
          0.0,
          0.0,
          -1.6918096542358398
        ],
        "eps_0.400": [
          0.0,
          0.0,
          0.0,
          -1.7922955751419067
        ],
        "eps_0.500": [
          0.0,
          0.0,
          0.0,
          -1.9049822092056274
        ]
      },
      "overlap_at_eps": {
        "eps_0.000": [
          1.0,
          1.0,
          1.0,
          1.0
        ],
        "eps_0.100": [
          0.9733151698121176,
          0.9858028329746908,
          0.9906590229690041,
          0.9910040720393253
        ],
        "eps_0.200": [
          0.8684369574067825,
          0.9289813901818997,
          0.9688159768205615,
          0.972046511915832
        ],
        "eps_0.300": [
          0.7328686688724683,
          0.8117858555770853,
          0.9263984827216605,
          0.9527724941234974
        ],
        "eps_0.400": [
          0.6112919164747304,
          0.6461946188371591,
          0.8490278978370104,
          0.9368246528493138
        ],
        "eps_0.500": [
          0.47810573891831154,
          0.4810882027320055,
          0.7499332068731206,
          0.9230641886349714
        ]
      }
    },
    {
      "trial": 3,
      "classification": "TYPE_A_OR_REAL",
      "eps_critical": null,
      "message": "Branch 0 stays real throughout.",
      "init_evals_real": [
        12.478578567504883,
        8.58763599395752,
        4.6043195724487305,
        3.960675001144409
      ],
      "im_at_eps": {
        "eps_0.000": [
          0.0,
          0.0,
          0.0,
          -1.6322420835494995
        ],
        "eps_0.100": [
          0.0,
          0.0,
          0.0,
          -1.5865780115127563
        ],
        "eps_0.200": [
          0.0,
          0.0,
          0.0,
          -1.5902891159057617
        ],
        "eps_0.300": [
          0.0,
          0.0,
          0.0,
          -1.6244314908981323
        ],
        "eps_0.400": [
          0.0,
          0.0,
          0.0,
          -1.6642913818359375
        ],
        "eps_0.500": [
          0.0,
          0.0,
          0.0,
          -1.6716176271438599
        ]
      },
      "overlap_at_eps": {
        "eps_0.000": [
          1.0,
          1.0,
          1.0,
          1.0
        ],
        "eps_0.100": [
          0.9915331070704375,
          0.989669927995318,
          0.9912218577717201,
          0.9887346497430214
        ],
        "eps_0.200": [
          0.9670389771814786,
          0.9606631577837655,
          0.9731370480927314,
          0.9587950808017179
        ],
        "eps_0.300": [
          0.9224603987671004,
          0.9092095656717425,
          0.9510428614295827,
          0.91549117393186
        ],
        "eps_0.400": [
          0.8593631844632816,
          0.8442576883962377,
          0.9249646674195854,
          0.8635688732084728
        ],
        "eps_0.500": [
          0.7712727682421057,
          0.7832573932302168,
          0.8930453522406989,
          0.8120512422260008
        ]
      }
    },
    {
      "trial": 4,
      "classification": "TYPE_C_AMBIGUOUS",
      "eps_critical": 0.43,
      "message": "Branch 0 becomes complex at \u03b5=0.430 but no clear conjugate partner \u2192 ambiguous.",