{
  "test1": {
    "symp_curvatures": [
      0.21751849353313446,
      4.527031898498535,
      46.89426040649414,
      62.740962982177734,
      113.265625
    ],
    "eps_crits": [
      0.52,
      0.52,
      0.52,
      0.52,
      0.52
    ],
    "spearman_rho": NaN,
    "spearman_p": NaN,
    "interpretation": "WEAK/NO correlation (\u03c1=nan)"
  },
  "test2": {
    "dphis": [
      0.4211902618408203,
      0.1967012882232666,
      0.034368038177490234,
      0.0514984130859375,
      0.028878450393676758
    ],
    "d2Ls": [
      9.522609412670134,
      17.58310794830322,
      2.3453004658222194,
      3.913642093539237,
      -23.251326382160183
    ],
    "tan_mean_d2L": -5.66412794093291,
    "cross_mean_d2L": 13.552858680486676,
    "spearman_rho": 0.8999999999999998,
    "spearman_p": 0.03738607346849874,
    "interpretation": "CORRELATED: larger phase sensitivity \u2192 more curved loss"
  },
  "test3": {
    "grad_components": [
      0.0820748507976532,
      0.07059108465909958,
      0.09544860571622849,
      -0.21246690303087234,
      0.037781065329909325,
      -0.10165590792894363,
      -0.21916992962360382,
      -0.07949711754918098,
      0.2763278968632221,
      0.17239675857126713,
      0.20915305241942406,
      -0.06024494767189026,
      0.1435690000653267,
      0.057852212339639664,
      -0.09907776489853859,
      0.02088189125061035,
      0.2925995737314224,
      0.19619228318333626,
      0.131462924182415,
      -0.27023036032915115
    ],
    "im_components": [
      0.0,
      0.0,
      0.0,
      0.0,
      0.0,
      0.0,
      0.0,
      0.0,
      0.0,
      0.0,
      0.0,
      0.0,
      0.0,
      0.0,
      0.0,
      0.0,
      0.0,
      0.0,
      0.0,
      0.0
    ],
    "mean_abs_grad": 0.13719329107552766,
    "mean_im_dlam": 0.0,
    "spearman_rho": NaN,
    "spearman_p": NaN,
    "frac_breaking_all": 0.0,
    "frac_breaking_high_grad": 0.0,
    "interpretation": "ALL DIRECTIONS REAL-PRESERVING (algebraic locking dominates)"
  }
}