{
  "experiment": "P4 Tropicalization LR Sweep",
  "checkpoint": "basin_state.pt",
  "config": {
    "lrs": [
      0.1,
      0.01,
      0.001,
      0.0001
    ],
    "rank": 6,
    "k_lanczos": 20,
    "n_steps": 1
  },
  "c_vectors_init": [
    [
      -1.0,
      0.0,
      0.0,
      0.0,
      0.0
    ],
    [
      0.0,
      -1.0,
      0.0,
      0.0,
      0.0
    ],
    [
      0.0,
      0.0,
      -1.0,
      0.0,
      0.0
    ],
    [
      0.0,
      0.0,
      0.0,
      -1.0,
      0.0
    ],
    [
      0.0,
      0.0,
      0.0,
      0.0,
      -1.0
    ]
  ],
  "strip_areas_init": [
    8.662932395935059,
    8.684523582458496,
    8.805987358093262,
    8.61479377746582,
    8.633824348449707
  ],
  "tropicalized_areas": [
    -2.1590532791069266,
    -2.161542542973555,
    -2.1754318717310395,
    -2.1534809320805945,
    -2.1556875527579025
  ],
  "P4a_lr_sweep": {
    "0.1": {
      "lr": 0.1,
      "log10_lr": -1.0,
      "mean_cos": 0.1157986516449007,
      "strip_areas": [
        7.815040111541748,
        7.856438636779785,
        8.06879997253418,
        7.9171247482299805,
        7.968624591827393
      ],
      "strip_area_std": 0.08880898931740623,
      "top_k_eigvals": [
        30.686351776123047,
        21.7208309173584,
        17.094955444335938,
        16.40663719177246,
        15.675300598144531
      ],
      "Hk_diagonal": [
        0.005271555855870247,
        3.5244193077087402,
        13.78171157836914,
        12.903639793395996,
        10.150506973266602,
        6.979450225830078,
        8.783025741577148,
        6.438718318939209,
        3.1427652835845947,
        3.7887701988220215,
        3.3787832260131836,
        4.912904739379883,
        5.213475227355957,
        3.546839714050293,
        4.981103897094727,
        5.243839740753174,
        3.54671573638916,
        4.407188415527344,
        4.672650337219238,
        5.160152912139893
      ],
      "Hk_offdiagonal": [
        0.2685234546661377,
        7.31676721572876,
        10.597101211547852,
        13.218318939208984,
        8.31450080871582,
        8.530657768249512,
        9.225080490112305,
        6.796858787536621,
        5.8039937019348145,
        5.890011787414551,
        6.365191459655762,
        6.640715599060059,
        6.639566898345947,
        6.1085429191589355,
        6.829886436462402,
        6.546506881713867,
        5.740930080413818,
        6.707279205322266,
        7.043491840362549
      ],
      "Hessenberg_entropy": 2.6785876750946045,
      "tropicalization_int_dist": 0.23217056138253586,
      "integer_check": true,
      "cosine_matrix": [
        [
          0.1824253495286094,
          0.0,
          0.0,
          0.0,
          0.0
        ],
        [
          -0.32510575470145875,
          0.0,
          0.0,
          0.0,
          0.0
        ],
        [
          0.13664847107027356,
          0.0,
          0.0,
          0.0,
          0.0
        ],
        [
          0.5789932582245035,
          0.0,
          0.0,
          0.0,
          0.0
        ],
        [
          0.1666473450989176,
          0.0,
          0.0,
          0.0,
          0.0
        ]
      ]
    },
    "0.01": {
      "lr": 0.01,
      "log10_lr": -2.0,
      "mean_cos": 0.12467361955181237,
      "strip_areas": [
        8.559593200683594,
        8.585330963134766,
        8.70288372039795,
        8.510839462280273,
        8.56165599822998
      ],
      "strip_area_std": 0.06415996038391661,
      "top_k_eigvals": [
        116.89405822753906,
        -95.6472396850586,
        63.15407943725586,
        -47.022586822509766,
        -41.84131622314453
      ],
      "Hk_diagonal": [
        0.0012220455100759864,
        24.532150268554688,
        59.06991195678711,
        -7.578030586242676,
        -18.678062438964844,
        -13.087742805480957,
        7.150381565093994,
        5.13066291809082,
        -0.09631454944610596,
        -13.90218734741211,
        -9.117414474487305,
        -3.532930850982666,
        -5.201577663421631,
        -1.781551480293274,
        -0.6298975944519043,
        2.506467342376709,
        5.473505020141602,
        -0.16685175895690918,
        4.422560214996338,
        17.443309783935547
      ],
      "Hk_offdiagonal": [
        0.49176397919654846,
        60.477020263671875,
        44.02410125732422,
        43.462406158447266,
        62.445457458496094,
        24.164939880371094,
        21.04099464416504,
        26.683677673339844,
        25.740720748901367,
        16.898056030273438,
        18.954086303710938,
        18.837692260742188,
        20.293092727661133,
        21.145999908447266,
        20.275243759155273,
        17.229318618774414,
        17.410341262817383,
        15.26515007019043,
        19.733915328979492
      ],
      "Hessenberg_entropy": 2.6412644386291504,
      "tropicalization_int_dist": 0.24845852803431073,
      "integer_check": true,
      "cosine_matrix": [
        [
          0.5063191579108047,
          0.0,
          0.0,
          0.0,
          0.0
        ],
        [
          0.6233680977590619,
          0.0,
          0.0,
          0.0,
          0.0
        ],
        [
          0.4191669562036358,
          0.0,
          0.0,
          0.0,
          0.0
        ],
        [
          -0.585560710495946,
          0.0,
          0.0,
          0.0,
          0.0
        ],
        [
          0.33883903558512374,
          0.0,
          0.0,
          0.0,
          0.0
        ]
      ]
    },
    "0.001": {
      "lr": 0.001,
      "log10_lr": -3.0,
      "mean_cos": 0.127862787795988,
      "strip_areas": [
        8.652454376220703,
        8.674479484558105,
        8.795516967773438,
        8.603877067565918,
        8.626485824584961
      ],
      "strip_area_std": 0.06685292236790104,
      "top_k_eigvals": [
        -268.35064697265625,
        101.98075866699219,
        -87.9863052368164,
        67.52500915527344,
        -64.85541534423828
      ],
      "Hk_diagonal": [
        -0.0007522115483880043,
        -58.24369430541992,
        -180.732177734375,
        -25.119699478149414,
        27.597030639648438,
        8.914403915405273,
        -18.81224822998047,
        -2.339756727218628,
        -2.0177853107452393,
        -11.1969633102417,
        -13.708094596862793,
        -12.99618911743164,
        3.407144069671631,
        3.6252593994140625,
        3.993387460708618,
        1.8792515993118286,
        2.843198537826538,
        -0.6151986718177795,
        -8.325318336486816,
        -6.170629024505615
      ],
      "Hk_offdiagonal": [
        0.5537734627723694,
        88.78768157958984,
        106.91545867919922,
        66.29605102539062,
        32.91485595703125,
        57.34947204589844,
        45.83797073364258,
        30.461841583251953,
        27.135622024536133,
        28.107444763183594,
        19.756874084472656,
        22.203266143798828,
        25.99136734008789,
        19.150009155273438,
        20.109102249145508,
        23.308612823486328,
        19.117984771728516,
        16.849905014038086,
        16.15814971923828
      ],
      "Hessenberg_entropy": 2.4755797386169434,
      "tropicalization_int_dist": 0.2588151669943586,
      "integer_check": false,
      "cosine_matrix": [
        [
          0.63931393897994,
          0.0,
          0.0,
          0.0,
          0.0
        ],
        [
          0.6345258350673912,
          0.0,
          0.0,
          0.0,
          0.0
        ],
        [
          -0.6387844768260633,
          0.0,
          0.0,
          0.0,
          0.0
        ],
        [
          0.3266778197399693,
          0.0,
          0.0,
          0.0,
          0.0
        ],
        [
          -0.34802879882103305,
          0.0,
          0.0,
          0.0,
          0.0
        ]
      ]
    },
    "0.0001": {
      "lr": 0.0001,
      "log10_lr": -4.0,